Category: All categories

Day,Fantastic Beasts and Where to Find Them: (Worldwide)
2016-10-18,6
2016-10-19,7
2016-10-20,7
2016-10-21,7
2016-10-22,7
2016-10-23,9
2016-10-24,7
2016-10-25,7
2016-10-26,7
2016-10-27,6
2016-10-28,8
2016-10-29,10
2016-10-30,12
2016-10-31,10
2016-11-01,10
2016-11-02,16
2016-11-03,16
2016-11-04,17
2016-11-05,19
2016-11-06,20
2016-11-07,16
2016-11-08,16
2016-11-09,14
2016-11-10,20
2016-11-11,25
2016-11-12,31
2016-11-13,37
2016-11-14,34
2016-11-15,35
2016-11-16,44
2016-11-17,57
2016-11-18,100
