Category: All categories

Week,The Jungle Book: (Worldwide)
2015-04-19,0
2015-04-26,0
2015-05-03,0
2015-05-10,0
2015-05-17,0
2015-05-24,0
2015-05-31,0
2015-06-07,0
2015-06-14,0
2015-06-21,0
2015-06-28,0
2015-07-05,0
2015-07-12,0
2015-07-19,0
2015-07-26,0
2015-08-02,0
2015-08-09,1
2015-08-16,2
2015-08-23,1
2015-08-30,1
2015-09-06,1
2015-09-13,15
2015-09-20,5
2015-09-27,3
2015-10-04,2
2015-10-11,1
2015-10-18,1
2015-10-25,1
2015-11-01,1
2015-11-08,1
2015-11-15,1
2015-11-22,1
2015-11-29,1
2015-12-06,3
2015-12-13,2
2015-12-20,2
2015-12-27,3
2016-01-03,4
2016-01-10,3
2016-01-17,3
2016-01-24,3
2016-01-31,3
2016-02-07,12
2016-02-14,5
2016-02-21,6
2016-02-28,6
2016-03-06,5
2016-03-13,10
2016-03-20,23
2016-03-27,25
2016-04-03,55
2016-04-10,100
